run_id,ckpt,prec,sdpa,avg_ms,samp_s,tok_s,eval_loss,ppl,cuda_peak,dmem_pct,speedup_vs_base
hf-c1-p0,Y,N,math,923.950280364952,2.1646186407454935,2216.5694881233853,4.028822898864746,56.19472542597311,4216762880,  1.81%,  3.920x
hf-c1-p1,Y,Y,math,960.4067308449885,2.082451044715558,2132.4298697887316,4.20010606349741,66.69340440153083,4216762880,  1.81%,  3.771x
hf-c0-p1,N,Y,math,3618.4757158449793,0.5527189228442739,565.9841769925365,3.5915418201022677,36.28998544325973,4294443008,  0.00%,  1.001x
hf-c0-p0,N,N,math,3622.1229883249907,0.552162366227348,565.4142630168044,3.5915418201022677,36.28998544325973,4294443008,  0.00%,  1.000x
