run_id,ckpt,prec,sdpa,avg_ms,samp_s,tok_s,eval_loss,ppl,cuda_peak,dmem_pct,speedup_vs_base
hf-c0-p1,N,Y,math,413.39358287499635,4.838004465600929,2477.0582863876757,3.7720444202423096,43.46884263716006,3519925760, -1.15%,  2.094x
hf-c1-p0,Y,N,math,456.04363267993904,4.385545278303758,2245.3991824915242,3.3542532920837402,28.624222275307613,3277668352,  5.81%,  1.898x
hf-c0-p0,N,N,math,865.6203435749921,2.310481742769637,1182.9666522980542,3.3388383388519287,28.186364675155524,3479881728,  0.00%,  1.000x
hf-c1-p1,Y,Y,math,965.4074710400891,2.071664100387875,1060.692019398592,3.7720444202423096,43.46884263716006,3279818752,  5.75%,  0.897x
